(PDH-CSV 4.0) (Eastern Daylight Time)(240),\\NCR-HKL59E0D3TQ\.NET CLR Memory(NCR.APTRA.CnsmrAppReference)\# Bytes in all Heaps,\\NCR-HKL59E0D3TQ\Process(NCR.APTRA.CnsmrAppReference)\Handle Count,\\NCR-HKL59E0D3TQ\Process(NCR.APTRA.CnsmrAppReference)\Private Bytes,\\NCR-HKL59E0D3TQ\Process(NCR.APTRA.CnsmrAppReference)\Thread Count,\\NCR-HKL59E0D3TQ\Process(NCR.APTRA.CnsmrAppReference)\Virtual Bytes,"Generate a report detailing the status of local hardware resources, system response times, and processes on the local computer. Use this information to identify possible causes of performance issues. Membership in the local Administrators group, or equivalent, is the minimum required to run this Data Collector Set."
01:30.6,31074304,4523,190623744,203,796536832, 
01:45.6,31191056,4470,181170176,203,787140608, 
02:00.5,31363412,4477,181534720,208,796528640, 
02:15.5,31363412,4482,189407232,205,797437952, 
02:30.6,31760376,4531,183275520,205,804114432, 
02:45.6,31567268,4547,226701312,209,843911168, 
03:00.5,31725520,4531,195387392,205,807587840, 
03:15.6,31837620,4590,193171456,212,811560960, 
03:30.5,32477500,4634,193789952,212,811196416, 
03:45.6,33498200,4659,195784704,212,811601920, 
04:00.6,33498200,4677,195788800,212,811610112, 
04:15.5,33498200,4677,195772416,211,811347968, 
04:30.5,33498200,4677,195768320,211,811347968, 
04:45.5,33547604,4674,195399680,209,808464384, 
05:00.6,33547604,4644,185020416,203,801759232, 
05:15.5,33517664,4655,184815616,207,805953536, 
05:30.6,33612516,4686,184926208,210,809099264, 
05:45.6,33683680,4666,216711168,205,828116992, 
06:00.5,33808972,4682,194777088,207,836026368, 
06:15.6,33979348,4737,192958464,210,837410816, 
06:30.6,35459588,4811,197685248,219,846213120, 
06:45.5,35505036,4813,187609088,211,837410816, 
07:00.6,35574348,4830,214384640,215,842534912, 
07:15.5,35707172,4846,196292608,210,839745536, 
07:30.6,35807060,4821,194736128,205,832290816, 
07:45.6,35886028,4873,194068480,208,834002944, 
08:00.5,38812536,4907,203030528,211,856109056, 
08:15.6,38918148,4918,203370496,210,855060480, 
08:30.6,38918148,4918,203792384,210,854274048, 
08:45.6,38918148,4917,203329536,204,848769024, 
09:00.6,38918148,4920,203386880,203,847720448, 
09:15.5,38918148,4918,203657216,205,849031168, 
09:30.6,38918148,4912,203300864,203,847720448, 
09:45.5,38918148,4917,203407360,204,848769024, 
10:00.5,38918148,4918,203681792,206,850079744, 
10:15.6,38918148,4913,203304960,203,847720448, 
10:30.6,39136864,4906,192868352,203,844423168, 
10:45.5,38753528,4923,193163264,205,846516224, 
11:00.6,38753528,4943,230375424,211,855314432, 
11:15.6,38616356,4927,205135872,206,855932928, 
11:30.6,39098780,4947,200482816,205,849362944, 
11:45.6,40159620,5018,202088448,213,858165248, 
12:00.6,39978244,4982,194695168,209,852770816, 
12:15.5,40118404,5043,210137088,213,857501696, 
12:30.6,39876232,5032,206221312,212,862138368, 
12:45.6,39925248,5019,201236480,207,851460096, 
13:00.6,41581424,5091,202891264,217,862359552, 
13:15.6,41581424,5096,206970880,212,857116672, 
13:30.6,41581424,5090,206700544,209,853970944, 
13:45.5,41581424,5095,206671872,210,855019520, 
14:00.5,41581424,5095,206929920,210,855019520, 
14:15.5,41581424,5097,206684160,209,853970944, 
14:30.5,41265880,5045,207015936,209,853184512, 
14:45.6,41265880,5049,206749696,209,853970944, 
15:00.5,41265880,5049,207015936,209,853970944, 
15:15.5,41265880,5047,206999552,208,852922368, 
15:30.6,41265880,5042,206729216,208,852922368, 
15:45.6,41265880,5049,207024128,209,854036480, 
16:00.5,41265880,5050,207048704,210,854298624, 
16:15.5,41265880,5051,207134720,210,855085056, 
16:30.5,41265880,5047,207200256,210,854298624, 
16:45.6,41265880,5052,207233024,211,855347200, 
17:00.6,41470872,5048,207245312,209,854089728, 
17:15.6,41470872,5045,207249408,209,853303296, 
17:30.6,41470872,5041,206950400,207,851992576, 
17:45.6,41470872,5047,207257600,209,853303296, 
18:00.6,41470872,5047,207261696,209,853303296, 
18:15.5,41470872,5044,207237120,207,851992576, 
18:30.5,35186840,4527,199790592,208,853041152, 
18:45.5,35186840,4533,200081408,209,854089728, 
19:00.6,35186840,4534,200097792,210,854351872, 
19:15.6,35186840,4518,199688192,206,850157568, 
19:30.6,35186840,4514,199589888,204,848846848, 
19:45.6,35186840,4519,199663616,205,849895424, 
20:00.6,35186840,4518,199987200,206,850223104, 
20:15.6,35186840,4519,199725056,206,850223104, 
20:30.6,35186840,4515,199974912,205,849174528, 
20:45.6,35186840,4520,199647232,206,849993728, 
21:00.6,35186840,4516,199954432,204,848683008, 
21:15.6,34374404,4516,199704576,205,848945152, 
21:30.6,34374404,4511,199659520,203,847634432, 
21:45.6,34374404,4499,199970816,204,847888384, 
22:00.6,34374404,4516,199979008,204,848683008, 
22:15.6,34374404,4514,199987200,204,847896576, 
22:30.6,34374404,4510,199970816,203,847634432, 
22:45.6,34374404,4530,204779520,204,854188032, 
23:00.5,35205716,4482,208977920,204,850247680, 
23:15.6,35205716,4485,208674816,203,849207296, 
23:30.6,35205716,4490,208965632,204,850255872, 
23:45.6,35205716,4490,208982016,204,850255872, 
24:00.6,35205716,4491,208633856,205,850518016, 
24:15.5,35205716,4483,208666624,202,848158720, 
24:30.5,35205716,4491,209092608,204,850321408, 
24:45.6,35205716,4492,209309696,205,850583552, 
25:00.5,35205716,4492,209178624,205,850583552, 
25:15.6,34333780,4496,209502208,203,850518016, 
25:30.6,34333780,4502,209514496,205,851828736, 
25:45.6,34333780,4499,209235968,203,850518016, 
26:00.6,34333780,4503,209547264,205,851828736, 
26:15.6,34333780,4497,209539072,204,850780160, 
26:30.6,34333780,4502,209543168,204,851566592, 
26:45.5,34333780,4503,209567744,205,851828736, 
27:00.6,34333780,4499,209563648,204,850780160, 
27:15.6,34333780,4491,209522688,202,849534976, 
27:30.6,34333780,4499,209641472,204,850845696, 
27:45.5,34547388,4498,209739776,203,850583552, 
28:00.5,34547388,4498,209764352,203,850583552, 
28:15.5,34547388,4492,209752064,202,848748544, 
28:30.6,34161040,4509,209907712,206,853729280, 
28:45.6,34196152,4519,209772544,208,855695360, 
29:00.6,34196152,4526,209686528,205,851763200, 
29:15.5,34196152,4526,209371136,203,850452480, 
29:30.5,34269956,4534,209690624,205,851763200, 
29:45.6,34269956,4532,209686528,205,851763200, 
30:00.5,34526180,4565,211271680,208,854900736, 
30:15.6,34317972,4537,199475200,203,849969152, 
30:30.5,34540388,4566,211312640,208,859361280, 
30:45.6,34469200,4548,208584704,208,858292224, 
31:00.6,34306752,4544,205099008,207,852856832, 
31:15.6,34628024,4618,210386944,215,862457856, 
31:30.6,34628024,4599,210182144,207,853274624, 
31:45.6,34638252,4590,200097792,203,848670720, 
32:00.5,34291784,4574,210726912,207,859074560, 
32:15.6,34397432,4622,205922304,210,856735744, 
32:30.5,34422340,4657,205484032,216,862720000, 
32:45.5,34422340,4663,209444864,211,858263552, 
33:00.6,34657560,4676,205221888,211,857604096, 
33:15.6,34416632,4705,236761088,212,859238400, 
33:30.6,34343264,4674,209002496,211,861454336, 
33:45.5,34294444,4685,204918784,209,854900736, 
34:00.5,35561948,4718,211087360,213,859574272, 
34:15.6,35561948,4725,211058688,209,855379968, 
34:30.5,35547652,4705,210751488,209,856166400, 
34:45.6,35547652,4706,210952192,206,852234240, 
35:00.5,35547652,4707,210915328,204,850923520, 
35:15.6,35512876,4733,200228864,206,851816448, 
35:30.6,35663220,4701,212307968,202,853872640, 
35:45.5,35591816,4757,207015936,210,856735744, 
36:00.6,36922176,4811,208703488,217,863768576, 
36:15.5,37021412,4785,201605120,209,854966272, 
36:30.6,36903424,4814,235393024,213,860286976, 
36:45.6,36858064,4775,210759680,209,857714688, 
37:00.6,36884664,4776,207843328,208,853852160, 
37:15.5,38144004,4833,213983232,210,856428544, 
37:30.6,38294608,4842,209870848,206,853082112, 
37:45.6,38091516,4823,240439296,207,853995520, 
38:00.6,38352008,4841,210071552,208,855285760, 
38:15.5,38352008,4825,209870848,201,847945728, 
38:30.6,38150792,4827,208875520,207,852803584, 
38:45.6,39482020,4885,215425024,210,857214976, 
39:00.6,39482020,4889,215138304,209,855379968, 
39:15.6,39482020,4896,215506944,209,855379968, 
39:30.5,39377028,4886,215506944,209,855379968, 
39:45.6,39445092,4897,204111872,206,851820544, 
40:00.6,39781020,4941,204152832,206,852602880, 
40:15.5,39781020,4938,204095488,204,850505728, 
40:30.6,39781020,4926,204038144,201,846639104, 
40:45.6,39543616,4880,210190336,202,848609280, 
41:00.6,39630688,4896,276619264,205,889200640, 
41:15.6,39448304,4889,211144704,203,849784832, 
41:30.6,40732712,4926,210956288,208,854310912, 
41:45.5,41003576,4971,209592320,211,857997312, 
42:00.6,41028008,4967,243257344,208,855502848, 
42:15.6,40980512,4963,212783104,208,855093248, 
42:30.5,40868184,4972,212324352,208,855359488, 
42:45.6,42282756,4963,218378240,205,853667840, 
43:00.6,42164052,5006,215961600,210,859828224, 
43:15.6,42404092,5022,218693632,207,861638656, 
43:30.5,42145692,5047,213196800,211,859553792, 
43:45.6,43468148,5058,219541504,215,864161792, 
44:00.6,43468148,5045,219152384,210,859705344, 
44:15.6,43468148,5037,219275264,206,854724608, 
44:30.6,43738632,5060,207712256,208,856408064, 
44:45.6,43537296,5047,245780480,211,860745728, 
45:00.6,43494072,5066,218300416,213,865447936, 
45:15.6,43423252,5089,215363584,211,860340224, 
45:30.6,44951712,5104,210141184,210,859291648, 
45:45.6,44611784,5109,227262464,209,857600000, 
46:00.5,44646108,5121,222265344,205,859160576, 
46:15.6,44601000,5129,216113152,212,860209152, 
46:30.5,46242912,5196,222543872,219,868749312, 
46:45.6,46242912,5202,222171136,214,863506432, 
47:00.6,46242912,5197,222363648,212,860622848, 
47:15.5,46242912,5192,221990912,210,858525696, 
47:30.6,46242912,5191,222306304,208,857214976, 
47:45.6,46242912,5192,222060544,208,857214976, 
48:00.6,46242912,5190,221954048,209,857477120, 
48:15.6,46242912,5186,222035968,208,857214976, 
48:30.5,46012840,5175,222457856,210,859312128, 
48:45.6,46012840,5175,222224384,210,859312128, 
49:00.6,46012840,5176,222478336,211,859574272, 
49:15.6,46012840,5171,222433280,208,857214976, 
49:30.6,46012840,5174,222474240,210,858583040, 
49:45.6,46012840,5178,222490624,209,858329088, 
50:00.6,46012840,5163,222474240,208,856485888, 
50:15.6,46012840,5176,222482432,208,857280512, 
50:30.5,46012840,5159,222027776,205,853348352, 
50:45.6,46012840,5160,222359552,204,853086208, 
51:00.6,46012840,5152,222081024,202,850989056, 
51:15.6,46237864,5162,222175232,204,853086208, 
51:30.6,46237864,5163,222183424,203,852037632, 
51:45.6,34833772,4497,210870272,205,853340160, 
52:00.6,34833772,4513,210612224,204,853086208, 
52:15.6,34551492,4521,210628608,206,854396928, 
52:30.6,34586248,4520,210898944,206,854396928, 
52:45.6,34586248,4523,210587648,204,853086208, 
53:00.6,34586248,4520,210518016,204,853086208, 
53:15.6,34586248,4525,210874368,205,854134784, 
53:30.6,34586248,4525,210632704,205,854134784, 
53:45.6,34586248,4531,210587648,205,854134784, 
54:00.6,34586248,4526,210587648,204,853086208, 
54:15.5,34586248,4529,210874368,205,853348352, 
54:30.6,34586248,4525,210620416,204,853086208, 
54:45.6,34586248,4525,210849792,204,852299776, 
55:00.5,34586248,4520,210468864,203,851251200, 
55:15.6,34783944,4524,210845696,203,852103168, 
55:30.5,34783944,4529,210616320,203,852103168, 
55:45.6,34783944,4533,210612224,205,853413888, 
56:00.6,34783944,4527,210599936,203,852103168, 
56:15.6,35442604,4508,210661376,207,854253568, 
56:30.6,35442604,4511,211005440,207,854253568, 
56:45.5,35442604,4511,210681856,207,854253568, 
57:00.6,35442604,4505,210976768,205,852942848, 
57:15.6,35442604,4508,210960384,204,851894272, 
57:30.5,35442604,4508,210984960,205,852942848, 
57:45.5,35012408,4541,200056832,205,853708800, 
58:00.5,35119512,4538,199995392,203,851476480, 
58:15.6,35119512,4527,199884800,199,847282176, 
58:30.6,35119512,4546,199909376,200,848330752, 
58:45.6,35119512,4593,203714560,208,857214976, 
59:00.5,35119512,4570,210960384,206,854376448, 
59:15.6,35119512,4584,210944000,204,853073920, 
59:30.6,35270696,4582,210604032,205,853336064, 
59:45.6,34974424,4546,200245248,203,851410944, 
00:00.6,35055544,4592,238960640,210,859291648, 
00:15.5,34782916,4554,210952192,207,858632192, 
00:30.6,35111376,4595,208650240,209,858619904, 
00:45.6,35072812,4606,208183296,209,857837568, 
01:00.6,34895236,4646,212697088,212,861409280, 
01:15.6,34938204,4665,215646208,211,862208000, 
01:30.5,34989644,4672,239153152,211,860286976, 
01:45.6,35068964,4657,209195008,207,855683072, 
02:00.6,35294472,4698,209272832,208,856735744, 
02:15.6,36145592,4705,205307904,212,860684288, 
02:30.6,36434660,4736,240099328,208,857141248, 
02:45.6,36320804,4746,212754432,213,864993280, 
03:00.5,36512968,4774,209076224,212,860930048, 
03:15.5,37453212,4782,215056384,214,864817152, 
03:30.6,37453212,4780,215240704,211,862457856, 
03:45.5,37708720,4760,208138240,208,858517504, 
04:00.5,37401412,4746,241573888,208,859238400, 
04:15.6,37501412,4784,214519808,210,863940608, 
04:30.6,37675316,4819,210997248,212,862240768, 
04:45.6,38729108,4850,217169920,212,862720000, 
05:00.6,38896984,4834,205586432,209,859811840, 
05:15.6,38755916,4872,231747584,212,863563776, 
05:30.6,38869736,4866,218267648,211,867368960, 
05:45.6,38999996,4874,215957504,206,860327936, 
06:00.6,38940160,4842,211955712,208,858046464, 
06:15.6,40424092,4899,218341376,213,864546816, 
06:30.6,40092968,4882,206618624,208,858697728, 
06:45.6,40009812,4886,244752384,211,862384128, 
07:00.5,40078256,4907,216506368,208,861818880, 
07:15.6,40171112,4889,214503424,205,855547904, 
07:30.6,40253980,4949,212250624,211,861192192, 
07:45.6,41432532,4983,218185728,215,866652160, 
08:00.6,41529252,4986,218271744,213,864555008, 
08:15.6,41529252,4981,218619904,212,862720000, 
08:30.6,41371648,4959,208138240,206,856801280, 
08:45.6,41589960,4994,208121856,207,857780224, 
09:00.6,41304172,4973,245260288,209,860286976, 
09:15.6,41705128,4978,220917760,212,867811328, 
09:30.6,41475296,4988,214585344,209,859095040, 
09:45.6,42714464,5024,220237824,216,867700736, 
10:00.6,42821628,5033,208572416,208,858898432, 
10:15.6,42853124,5034,208826368,205,855683072, 
10:30.6,42684068,5022,220585984,210,865599488, 
10:45.5,42670668,5047,215293952,210,860930048, 
11:00.6,44139040,5096,218279936,216,867700736, 
11:15.5,43970908,5095,213221376,215,865927168, 
11:30.6,44046260,5110,248713216,210,861335552, 
11:45.5,44021616,5085,220856320,209,863539200, 
12:00.6,44049356,5111,217841664,211,861192192, 
12:15.6,45259184,5123,223436800,216,866914304, 
12:30.5,45202664,5109,223465472,213,864808960, 
12:45.6,45276868,5098,211931136,210,860209152, 
13:00.6,45814172,5119,223481856,207,857600000, 
13:15.5,45209156,5109,224305152,205,861265920, 
13:30.6,45296672,5139,218226688,208,858046464, 
13:45.6,46556988,5175,224927744,212,863506432, 
14:00.6,46556988,5170,224219136,206,857214976, 
14:15.6,46556988,5162,224456704,204,855117824, 
14:30.5,46556988,5167,224153600,205,856166400, 
14:45.6,46556988,5161,224198656,203,854069248, 
15:00.5,46556988,5163,224481280,205,855379968, 
15:15.5,46556988,5161,224124928,204,855117824, 
15:30.6,46556988,5166,224251904,205,856166400, 
15:45.6,46556988,5164,224493568,205,855379968, 
16:00.6,46556988,5163,224141312,204,855117824, 
16:15.6,46556988,5154,224182272,201,851972096, 
16:30.6,46828124,5160,223883264,204,854331392, 
16:45.6,46828124,5161,223543296,203,854134784, 
17:00.6,46828124,5161,223637504,203,854134784, 
17:15.6,46828124,5157,223879168,203,853348352, 
17:30.6,46828124,5162,223903744,204,854396928, 
17:45.6,46828124,5161,223617024,203,854134784, 
18:00.6,46828124,5161,223911936,204,854396928, 
18:15.5,46828124,5157,223559680,203,853348352, 
18:30.5,46828124,5161,223907840,203,854134784, 
18:45.6,46828124,5139,223956992,202,852291584, 
19:00.6,46678976,5141,224280576,204,854396928, 
19:15.6,46678976,5136,224256000,202,853086208, 
19:30.5,46678976,5142,224272384,203,854200320, 
19:45.6,46678976,5144,224301056,204,854462464, 
20:00.6,46678976,5143,224292864,203,854200320, 
20:15.6,46678976,5138,224038912,202,853151744, 
20:30.6,46678976,5143,224321536,204,854462464, 
20:45.5,46678976,5143,224313344,203,854200320, 
21:00.6,46678976,5143,224071680,203,854200320, 
21:15.6,46678976,5135,224280576,201,852103168, 
21:30.6,46678976,5140,224329728,203,853413888, 
21:45.6,36504148,4522,212803584,205,856297472, 
22:00.6,36504148,4524,212828160,206,856559616, 
22:15.6,35034204,4535,212332544,208,858525696, 
22:30.5,35034204,4535,212529152,205,855379968, 
22:45.6,35034204,4538,212512768,204,855117824, 
23:00.5,35034204,4543,212250624,204,855117824, 
23:15.6,35126896,4539,212533248,205,855379968, 
23:30.6,35126896,4545,212537344,205,856166400, 
23:45.6,35126896,4545,212267008,205,856166400, 
24:00.5,35126896,4545,212537344,205,856166400, 
24:15.6,35126896,4534,212213760,202,853020672, 
24:30.6,35126896,4539,212492288,203,854069248, 
24:45.6,35126896,4539,212492288,203,854069248, 
25:00.6,35126896,4539,212246528,203,854134784, 
25:15.6,35126896,4533,212504576,203,853348352, 
25:30.5,35126896,4537,212516864,203,854134784, 
25:45.5,35126896,4539,212254720,203,854134784, 
26:00.6,35342280,4540,212537344,204,854396928, 
26:15.6,35342280,4534,212168704,202,853086208, 
26:30.5,35342280,4539,212267008,203,854134784, 
26:45.6,35342280,4540,212557824,204,854396928, 
27:00.5,35342280,4557,212234240,204,857280512, 
27:15.6,36035276,4502,213073920,203,852090880, 
27:30.6,36035276,4503,212791296,204,853925888, 
27:45.6,36035276,4506,213090304,204,853925888, 
28:00.5,36035276,4506,213098496,204,853925888, 
28:15.6,36035276,4504,212799488,204,853139456, 
28:30.6,36035276,4506,212824064,203,852877312, 
28:45.6,36035276,4505,213098496,204,853139456, 
29:00.6,36035276,4515,213147648,206,855302144, 
29:15.6,35322172,4543,201805824,205,855801856, 
29:30.5,35479964,4538,202047488,203,853704704, 
29:45.6,35292220,4563,239599616,209,860405760, 
30:00.6,35292000,4542,213725184,207,863428608, 
30:15.6,35412208,4566,209154048,207,857116672, 
30:30.6,35367392,4616,213598208,215,866717696, 
30:45.6,35321928,4607,202543104,206,856866816, 
31:00.6,35715660,4630,203100160,206,856076288, 
31:15.6,35337732,4606,214867968,208,863563776, 
31:30.5,35249480,4633,210731008,210,861777920, 
31:45.5,35164228,4629,209358848,207,857849856, 
32:00.6,35244600,4624,202391552,202,852672512, 
32:15.6,35244600,4618,202326016,199,849526784, 
32:30.6,35295004,4644,202248192,203,852938752, 
32:45.5,35503360,4674,202772480,206,856080384, 
33:00.6,35526860,4680,239468544,206,857206784, 
33:15.6,35303960,4660,212578304,205,858636288, 
33:30.6,35303960,4675,212422656,200,852606976, 
33:45.6,35411444,4712,209137664,204,853917696, 
34:00.6,36787148,4770,214368256,210,860688384, 
34:15.6,36526224,4770,214814720,211,861999104, 
34:30.6,36526224,4746,214560768,204,855175168, 
34:45.6,36818856,4769,203431936,205,855031808, 
35:00.6,36665980,4757,203505664,203,853651456, 
35:15.6,36547064,4757,215457792,205,861204480, 
35:30.6,36612356,4776,210841600,208,858894336, 
35:45.6,37856020,4790,211771392,208,858898432, 
36:00.6,37965864,4792,205340672,206,856801280, 
36:15.6,38089976,4833,228134912,210,861532160, 
36:30.5,37810556,4797,217821184,206,864407552, 
36:45.6,37810556,4780,215040000,201,856526848, 
37:00.6,37875088,4783,211558400,200,852869120, 
37:15.6,39286732,4857,215228416,212,865669120, 
37:30.6,39418516,4844,205713408,205,857915392, 
37:45.6,39418516,4818,205504512,197,849526784, 
38:00.6,39178192,4863,210161664,209,862523392, 
38:15.6,39363080,4866,205766656,206,858107904, 
38:30.6,39469912,4874,217255936,203,861184000, 
38:45.6,39093768,4842,214671360,203,858603520, 
39:00.6,39155752,4874,212779008,203,855748608, 
39:15.6,40604848,4894,213024768,204,856801280, 
39:30.6,40604848,4939,219004928,208,860688384, 
39:45.6,40726920,4934,218951680,208,861474816, 
40:00.6,40726920,4939,218959872,205,858329088, 
40:15.6,40507560,4915,206860288,205,857714688, 
40:30.5,40804128,4943,216133632,207,859697152, 
40:45.6,40469256,4913,219328512,205,862584832, 
41:00.6,40626784,4954,214056960,208,860995584, 
41:15.6,41982616,4999,215744512,215,868814848, 
41:30.6,41804888,5001,209391616,210,862306304, 
41:45.6,41748720,5004,217440256,211,863891456, 
42:00.6,41934472,4998,220958720,209,866693120, 
42:15.6,41855124,5050,214831104,213,865452032, 
42:30.5,42659432,5042,216113152,212,865189888, 
42:45.6,43232296,5052,209883136,208,860274688, 
43:00.6,43053832,5051,210481152,207,859090944, 
43:15.6,43140548,5069,221933568,209,867827712, 
43:30.5,43140548,5068,219250688,209,864927744, 
43:45.5,43169312,5061,216743936,207,859947008, 
44:00.5,44364660,5126,223182848,214,866979840, 
44:15.5,44358480,5106,223404032,210,863571968, 
44:30.5,44358480,5081,223330304,206,858583040, 
44:45.6,44669280,5136,221511680,209,861794304, 
45:00.5,44756804,5130,223387648,205,863309824, 
45:15.6,44425644,5113,218877952,207,859947008, 
45:30.6,46133240,5172,223698944,215,868814848, 
45:45.5,46133240,5173,225927168,208,860688384, 
46:00.6,46133240,5170,225644544,206,859377664, 
46:15.6,46133240,5165,225587200,205,858329088, 
46:30.6,46133240,5170,225918976,207,859639808, 
46:45.6,46133240,5171,225640448,205,858329088, 
47:00.6,46133240,5170,225583104,205,858329088, 
47:15.5,46133240,5146,225845248,203,855437312, 
47:30.6,46369920,5166,225546240,204,857280512, 
47:45.5,46369920,5161,225476608,203,856231936, 
48:00.6,46369920,5161,225763328,203,856231936, 
48:15.6,46369920,5156,225759232,202,855183360, 
48:30.5,46369920,5161,225480704,203,856297472, 
48:45.5,46369920,5161,225783808,203,856297472, 
49:00.6,46369920,5161,225812480,204,857346048, 
49:15.6,46369920,5155,225456128,203,855511040, 
49:30.6,46369920,5159,225554432,204,857346048, 
49:45.6,46369920,5161,225820672,204,857346048, 
50:00.6,45776996,5125,225820672,204,856551424, 
50:15.6,45776996,5127,225529856,201,854200320, 
50:30.6,37199340,4513,215547904,203,856297472, 
50:45.6,37199340,4513,215547904,203,856297472, 
51:00.5,37199340,4513,215539712,203,856297472, 
51:15.6,37199340,4507,215220224,201,854200320, 
51:30.6,37199340,4513,215556096,204,856559616, 
51:45.6,37199340,4511,215556096,204,856551424, 
52:00.6,37199340,4510,215539712,203,856289280, 
52:15.6,37199340,4502,215515136,202,854454272, 
52:30.6,37199340,4514,215183360,202,855248896, 
52:45.6,37199340,4528,215314432,205,858394624, 
53:00.6,37199340,4527,215584768,205,857608192, 
53:15.6,37199340,4524,215302144,203,856297472, 
53:30.6,37199340,4529,215334912,204,857346048, 
53:45.6,37199340,4520,215572480,204,856551424, 
54:00.6,37199340,4516,215535616,203,855502848, 
54:15.6,37199340,4518,215539712,203,855502848, 
54:30.6,37199340,4523,215547904,203,855568384, 
54:45.5,35257164,4507,215420928,203,855437312, 
55:00.5,37199340,4498,215048192,202,853872640, 
55:15.6,37199340,4506,215158784,204,855969792, 
55:30.5,37199340,4513,215175168,205,857071616, 
55:45.6,37199340,4517,215330816,206,857333760, 
56:00.6,37199340,4512,215556096,205,856285184, 
56:15.6,37199340,4514,215224320,205,856285184, 
56:30.6,37199340,4514,215552000,204,856023040, 
56:45.6,34228144,4535,215556096,207,860413952, 
57:00.6,34228144,4536,215175168,205,857530368, 
57:15.6,34228144,4538,215511040,204,857268224, 
57:30.6,34228144,4545,215281664,205,858316800, 
57:45.5,34228144,4548,215539712,206,858578944, 
58:00.6,34228144,4543,215539712,205,857530368, 
58:15.5,34228144,4547,215306240,205,858382336, 
58:30.5,34228144,4544,215199744,204,857333760, 
58:45.5,34228144,4545,215601152,206,858644480, 
59:00.6,34419568,4531,215482368,204,857333760, 
59:15.6,34419568,4533,215429120,204,857333760, 
59:30.6,34419568,4534,215752704,205,857595904, 
59:45.5,34419568,4534,215511040,205,857595904, 
00:00.5,34419568,4528,215420928,203,856285184, 
00:15.5,34419568,4517,215744512,204,856539136, 
00:30.6,34419568,4534,215756800,204,857333760, 
00:45.6,34419568,4534,215461888,204,857333760, 
01:00.6,34419568,4527,215724032,202,855236608, 
01:15.6,34419568,4532,215781376,204,857399296, 
01:30.6,34639032,4534,215506944,204,857399296, 
01:45.5,34639032,4535,215822336,205,857661440, 
02:00.6,34639032,4529,215805952,203,856350720, 
02:15.6,34639032,4532,215543808,205,857661440, 
02:30.5,34639032,4533,215564288,204,857399296, 
02:45.5,34639032,4534,215842816,204,857399296, 
03:00.5,34639032,4530,215846912,204,856612864, 
03:15.5,34639032,4534,215584768,204,857399296, 
03:30.5,34639032,4535,215879680,205,857661440, 
03:45.6,34639032,4535,215887872,205,857661440, 
04:00.6,34639032,4529,215592960,203,856416256, 
04:15.6,34309376,4525,216023040,205,857726976, 
04:30.6,34309376,4504,215977984,203,855621632, 
04:45.6,34309376,4520,215724032,203,856416256, 
05:00.6,34309376,4519,216014848,204,856678400, 
05:15.6,34309376,4524,216014848,204,857464832, 
05:30.6,34309376,4524,215756800,204,857464832, 
05:45.6,34309376,4507,216031232,204,856670208, 
06:00.5,34309376,4517,215744512,203,856416256, 
06:15.6,34309376,4525,215699456,204,857464832, 
06:30.6,34309376,4524,216047616,204,857464832, 
06:45.6,34525904,4525,215760896,205,857726976, 
07:00.6,34525904,4519,215977984,203,856416256, 
07:15.6,34525904,4523,215674880,204,857464832, 
07:30.6,34525904,4524,215748608,204,857464832, 
07:45.6,34525904,4524,216023040,205,857726976, 
08:00.6,34525904,4518,215666688,203,856416256, 
08:15.6,34525904,4521,215736320,203,856416256, 
08:30.6,34525904,4524,216039424,205,857726976, 
08:45.6,34525904,4524,215715840,205,857726976, 
09:00.5,34525904,4518,216018944,203,856416256, 
09:15.6,34525904,4505,216027136,204,854573056, 
09:30.6,34744724,4524,215736320,205,857726976, 
09:45.6,34744724,4523,216055808,204,857530368, 
10:00.5,34744724,4518,216035328,203,856481792, 
10:15.5,34744724,4524,215752704,205,857792512, 
10:30.5,34744724,4523,216072192,204,857530368, 
10:45.6,34744724,4522,215855104,205,857792512, 
11:00.6,34744724,4518,216088576,204,856743936, 
11:15.6,34744724,4523,216100864,204,857530368, 
11:30.5,34744724,4520,215814144,203,856481792, 
11:45.6,34744724,4521,216072192,204,856743936, 
12:00.6,34306776,4516,216072192,203,855695360, 
12:15.6,34306776,4520,215834624,203,856481792, 
12:30.6,34306776,4520,215736320,203,856547328, 
12:45.5,34306776,4521,216113152,204,856809472, 
13:00.6,34306776,4513,215822336,201,854450176, 
13:15.5,34306776,4520,215752704,203,856547328, 
13:30.5,34306776,4521,216133632,204,856809472, 
13:45.5,34306776,4521,215891968,204,856809472, 
14:00.5,34306776,4515,215797760,202,855498752, 
14:15.6,34306776,4520,216150016,204,856809472, 
14:30.5,34523052,4520,215826432,203,856481792, 
14:45.5,34523052,4520,215740416,203,856481792, 
15:00.6,34523052,4505,216051712,202,854638592, 
15:15.6,34523052,4520,216096768,203,856547328, 
15:30.6,34523052,4520,215789568,203,856547328, 
15:45.6,34523052,4521,216109056,204,856809472, 
16:00.6,34523052,4515,216088576,202,855498752, 
16:15.6,34523052,4521,216125440,204,856809472, 
16:30.6,34523052,4518,215830528,202,855498752, 
16:45.5,34523052,4518,216109056,202,855498752, 
17:00.5,34736740,4516,216096768,203,855760896, 
17:15.5,34736740,4520,215867392,203,856547328, 
17:30.5,34736740,4521,216158208,204,856809472, 
17:45.5,34736740,4521,216166400,204,856809472, 
18:00.5,34736740,4515,215859200,202,855498752, 
18:15.6,34736740,4521,216178688,204,856875008, 
18:30.6,34736740,4518,216178688,204,856875008, 
18:45.5,34736740,4521,215908352,204,856875008, 
19:00.6,34736740,4516,216170496,203,855826432, 
19:15.5,34736740,4500,216133632,201,854507520, 
19:30.6,34736740,4520,215908352,203,856612864, 
19:45.6,34305000,4523,216190976,204,856875008, 
20:00.6,34305000,4520,216166400,202,855564288, 
20:15.5,34305000,4525,215924736,203,856612864, 
20:30.6,34305000,4508,216199168,203,855818240, 
20:45.5,34305000,4526,215969792,204,856875008, 
21:00.5,34305000,4520,215928832,202,855629824, 
21:15.5,34305000,4525,216223744,203,856678400, 
21:30.6,34305000,4525,215973888,203,856678400, 
21:45.6,34305000,4523,216231936,203,856678400, 
22:00.6,34305000,4517,216190976,201,854581248, 
22:15.6,34516892,4525,215932928,203,856612864, 
22:30.6,34516892,4526,216203264,204,856875008, 
22:45.6,34516892,4525,215863296,203,856612864, 
23:00.6,34516892,4518,215924736,202,855564288, 
23:15.6,34516892,4526,216223744,204,856875008, 
23:30.6,34516892,4526,215896064,204,856875008, 
23:45.6,34516892,4526,215986176,204,856940544, 
24:00.6,34516892,4520,216219648,203,855891968, 
24:15.6,34516892,4526,215912448,204,856940544, 
24:30.5,34516892,4530,215961600,203,856678400, 
24:45.5,34729816,4522,216244224,204,856932352, 
25:00.6,34729816,4521,215912448,203,855891968, 
25:15.5,34729816,4523,216256512,203,856678400, 
25:30.5,34729816,4525,216248320,203,856678400, 
25:45.6,34729816,4526,215949312,204,856940544, 
26:00.6,34729816,4520,216248320,202,855629824, 
26:15.5,34729816,4527,216027136,203,856678400, 
26:30.6,34729816,4530,216297472,204,856940544, 
26:45.6,34729816,4530,216293376,203,856743936, 
27:00.6,34729816,4525,216031232,202,855695360, 
27:15.6,34313388,4525,216297472,203,856743936, 
27:30.6,34313388,4524,216309760,203,855957504, 
27:45.5,34313388,4524,216080384,204,857006080, 
28:00.5,34313388,4520,216285184,202,855695360, 
28:15.6,34313388,4528,216322048,204,857006080, 
28:30.6,34313388,4527,216064000,203,856743936, 
28:45.6,34313388,4528,215969792,202,855695360, 
29:00.6,34313388,4524,216330240,203,855957504, 
29:15.6,34313388,4527,216068096,202,855695360, 
29:30.6,34313388,4527,215965696,202,855760896, 
29:45.6,34313388,4527,216342528,203,856023040, 
30:00.6,34525324,4522,215785472,202,855564288, 
30:15.5,34525324,4528,215814144,203,856612864, 
30:30.6,34525324,4530,216158208,203,856612864, 
30:45.5,34525324,4530,216174592,203,856612864, 
31:00.6,34525324,4522,216133632,201,854515712, 
31:15.6,34525324,4525,216129536,201,854515712, 
31:30.5,34525324,4525,216162304,202,855564288, 
31:45.5,34525324,4533,215855104,204,856875008, 
32:00.6,34525324,4529,215908352,202,855564288, 
32:15.6,34525324,4535,216215552,203,856678400, 
32:30.6,34737344,4536,215908352,204,856940544, 
32:45.6,34737344,4534,215912448,203,855891968, 
33:00.6,34737344,4531,216223744,203,855891968, 
33:15.6,34737344,4536,216252416,204,856940544, 
33:30.6,34737344,4535,215965696,203,856678400, 
33:45.6,34737344,4536,216260608,204,856940544, 
34:00.6,34737344,4528,216207360,201,854581248, 
34:15.6,34737344,4533,215969792,202,855629824, 
34:30.5,34737344,4535,216281088,204,856940544, 
34:45.6,34737344,4537,216276992,204,856940544, 
35:00.6,34737344,4531,215982080,202,855629824, 
35:15.5,34313404,4531,216281088,203,856743936, 
35:30.5,34313404,4529,216027136,202,855695360, 
35:45.6,34313404,4529,216293376,203,856743936, 
36:00.5,34313404,4526,215949312,202,855695360, 
36:15.5,34313404,4531,216039424,203,856743936, 
36:30.5,34313404,4532,216326144,204,857006080, 
36:45.5,34313404,4529,215986176,203,856743936, 
37:00.6,34313404,4526,216047616,202,855695360, 
37:15.6,34313404,4532,216346624,204,857006080, 
37:30.6,34313404,4531,216002560,203,856743936, 
37:45.6,34525356,4537,215879680,204,856809472, 
38:00.6,34525356,4530,216141824,203,855826432, 
38:15.5,34525356,4537,215838720,204,856875008, 
38:30.6,34525356,4536,215900160,203,856612864, 
38:45.6,34525356,4535,216174592,204,856875008, 
39:00.6,34525356,4532,215834624,203,855826432, 
39:15.6,34525356,4534,216166400,203,856612864, 
39:30.6,34525356,4536,215924736,203,856612864, 
39:45.6,34525356,4519,216166400,203,855818240, 
40:00.5,34525356,4531,216166400,202,855564288, 
40:15.6,34741104,4534,215928832,202,855564288, 
40:30.6,34741104,4539,216211456,204,857661440, 
40:45.6,34741104,4545,216240128,205,857923584, 
41:00.6,34741104,4539,215973888,203,856678400, 
41:15.6,34741104,4544,215945216,204,857726976, 
41:30.6,34741104,4545,216268800,205,857989120, 
41:45.6,34741104,4543,216027136,205,857989120, 
42:00.5,34741104,4539,215941120,203,856678400, 
42:15.5,34741104,4545,216285184,205,857989120, 
42:30.6,34741104,4544,216023040,204,857726976, 
42:45.6,34312472,4536,215953408,203,856678400, 
43:00.6,34312472,4531,216256512,203,855891968, 
43:15.6,34312472,4536,216018944,203,856678400, 
43:30.5,34312472,4536,215920640,203,856678400, 
43:45.6,34312472,4519,216264704,203,855949312, 
44:00.6,34312472,4529,216248320,201,854646784, 
44:15.6,34312472,4536,215937024,203,856743936, 
44:30.6,34312472,4536,216289280,203,856743936, 
44:45.6,34312472,4536,216301568,203,856743936, 
45:00.6,34312472,4532,215961600,203,855957504, 
45:15.6,34312472,4534,216031232,202,855695360, 
45:30.6,34524688,4536,216186880,203,856612864, 
45:45.6,34524688,4537,216203264,204,856875008, 
46:00.6,34524688,4528,215883776,201,854515712, 
46:15.6,34524688,4535,216199168,203,855826432, 
46:30.6,34524688,4543,216223744,204,857661440, 
46:45.6,34524688,4549,215982080,204,857726976, 
47:00.6,34524688,4546,216252416,204,856940544, 
47:15.6,34524688,4549,216256512,204,857726976, 
47:30.6,34524688,4546,215965696,203,856678400, 
47:45.6,34524688,4544,216236032,203,856678400, 
48:00.5,34736332,4536,215973888,202,855629824, 
48:15.6,34736332,4542,216264704,204,856940544, 
48:30.6,34736332,4538,215900160,202,855629824, 
48:45.6,34736332,4546,216031232,204,856940544, 
49:00.6,34736332,4541,216264704,203,855891968, 
49:15.5,34736332,4546,215945216,203,856678400, 
49:30.5,34736332,4543,215994368,202,855695360, 
49:45.6,34736332,4544,216260608,203,855957504, 
50:00.6,34736332,4538,216236032,201,854646784, 
50:15.6,34736332,4542,216285184,203,855957504, 
50:30.6,34308000,4533,216023040,202,855695360, 
50:45.6,34308000,4534,215932928,203,855957504, 
51:00.6,34308000,4529,216281088,202,854908928, 
51:15.6,34308000,4531,216031232,201,854646784, 
51:30.6,34308000,4531,215961600,202,855695360, 
51:45.6,34308000,4534,216309760,203,855957504, 
52:00.6,34308000,4528,216289280,201,854646784, 
52:15.6,34308000,4534,216326144,203,856023040, 
52:30.5,34308000,4533,216051712,202,855760896, 
52:45.5,34308000,4532,216346624,203,856023040, 
53:00.5,34308000,4511,216305664,201,853917696, 
53:15.5,34519884,4533,216215552,202,855629824, 
53:30.6,34519884,4532,216215552,202,855629824, 
53:45.6,34519884,4532,215965696,202,854843392, 
54:00.6,34519884,4529,216223744,202,854843392, 
54:15.5,34519884,4534,215924736,203,855891968, 
54:30.5,34519884,4533,215994368,202,855629824, 
54:45.5,34519884,4531,216260608,203,855891968, 
55:00.6,34519884,4530,216244224,202,854843392, 
55:15.6,34519884,4532,215990272,202,855695360, 
55:30.6,34519884,4533,216260608,202,855695360, 
55:45.6,34724964,4516,216256512,202,854900736, 
56:00.6,34097136,4527,216391680,203,856211456, 
56:15.6,34237032,4536,204447744,202,854949888, 
56:30.6,34205236,4558,242704384,207,860733440, 
56:45.6,34331384,4572,213602304,204,860033024, 
57:00.6,34191812,4559,209010688,203,856133632, 
57:15.6,34306484,4597,214224896,208,861016064, 
57:30.6,34199744,4597,212852736,208,860942336, 
57:45.6,34430604,4618,240037888,206,859631616, 
58:00.6,34159792,4597,212672512,205,861970432, 
58:15.6,34350968,4626,207904768,206,859226112, 
58:30.6,34350968,4649,201940992,206,858304512, 
58:45.6,34151416,4638,240439296,208,861728768, 
59:00.6,34269424,4636,212353024,205,861974528, 
59:15.6,34142184,4648,208592896,205,857391104, 
59:30.6,35587132,4685,214327296,205,858656768, 
59:45.6,35689140,4679,214253568,205,858656768, 
00:00.6,35689140,4675,214593536,205,857870336, 
00:15.5,35689140,4675,214388736,204,857661440, 
00:30.6,35689140,4668,214294528,201,854515712, 
00:45.5,35689140,4655,214581248,201,854507520, 
01:00.6,35689140,4675,214626304,203,856612864, 
01:15.6,35689140,4675,214360064,204,857661440, 
01:30.6,35689140,4669,214347776,202,855564288, 
01:45.6,35689140,4673,214638592,203,856612864, 
02:00.6,35689140,4674,214634496,203,856612864, 
02:15.6,35885996,4673,214671360,203,855891968, 
02:30.6,35885996,4667,214310912,201,854581248, 
02:45.6,35885996,4672,214396928,202,855629824, 
03:00.6,35885996,4673,214687744,203,855891968, 
03:15.6,35885996,4670,214327296,201,854581248, 
03:30.6,35885996,4665,214417408,201,854581248, 
03:45.5,35885996,4673,214704128,203,855891968, 
04:00.6,35885996,4673,214380544,203,855891968, 
04:15.6,35885996,4673,214458368,203,855891968, 
04:30.6,35885996,4663,214683648,201,853794816, 
04:45.6,35614804,4662,214429696,203,855891968, 
05:00.6,35614804,4664,214757376,202,855629824, 
05:15.6,35614804,4668,214790144,204,857006080, 
05:30.6,35614804,4663,214458368,203,855957504, 
05:45.5,35614804,4667,214794240,203,856743936, 
06:00.6,35614804,4667,214552576,203,856743936, 
06:15.5,35614804,4666,214806528,203,855957504, 
06:30.5,35614804,4660,214773760,201,854646784, 
06:45.6,35614804,4665,214556672,202,855695360, 
07:00.5,35614804,4665,214798336,202,855695360, 
07:15.6,35614804,4666,214827008,203,855957504, 
07:30.6,35833448,4673,214687744,203,856743936, 
07:45.6,35833448,4681,214962176,204,857792512, 
08:00.6,35833448,4682,214994944,205,858120192, 
08:15.5,35833448,4682,214753280,205,858120192, 
08:30.6,35833448,4668,214568960,201,854712320, 
08:45.6,35833448,4673,214917120,202,855760896, 
09:00.6,35833448,4674,214945792,203,856023040, 
09:15.5,35833448,4684,214990848,205,858120192, 
09:30.6,35833448,4683,214704128,203,856809472, 
09:45.5,36008988,4684,215015424,205,858120192, 
10:00.6,35455796,4677,214843392,206,859750400, 
10:15.6,35455796,4698,214552576,205,857923584, 
10:30.5,35455796,4694,214769664,203,855826432, 
10:45.5,35455796,4698,214765568,203,856612864, 
11:00.6,35643972,4716,203075584,203,856064000, 
11:15.6,35643972,4725,203509760,202,854228992, 
11:30.5,35677184,4720,242085888,207,860733440, 
11:45.5,35594264,4691,212574208,205,861110272, 
12:00.5,35668492,4733,210608128,205,858226688, 
12:15.6,35681384,4740,208941056,207,860327936, 
12:30.6,36850508,4751,204275712,206,859291648, 
12:45.6,36946880,4772,210669568,207,860155904, 
13:00.6,36834980,4751,216264704,203,861585408, 
13:15.6,36886652,4758,210538496,203,856080384, 
13:30.6,34202756,4564,208605184,210,863506432, 
13:45.6,34360060,4545,202518528,205,857714688, 
14:00.6,34240192,4563,229818368,207,860418048, 
14:15.6,34473040,4581,212365312,207,862752768, 
14:30.5,34248616,4569,208424960,203,856469504, 
14:45.5,34448780,4580,208486400,203,855687168, 
15:00.6,34359240,4615,213872640,209,861671424, 
15:15.5,34252440,4614,213811200,207,860360704, 
15:30.5,34252440,4603,214065152,204,856420352, 
15:45.6,34627708,4641,203051008,204,856010752, 
16:00.6,34378868,4608,213569536,204,861470720, 
16:15.6,34483092,4618,208916480,202,855285760, 
16:30.6,34297576,4659,208011264,207,859095040, 
16:45.6,35296504,4712,214142976,213,865865728, 
17:00.5,35191748,4662,202813440,205,857649152, 
17:15.6,35397124,4711,203710464,203,854765568, 
17:30.6,35730280,4723,241463296,206,859238400, 
17:45.6,35290608,4652,211902464,205,860602368, 
18:00.6,35290608,4668,212905984,201,857190400, 
18:15.6,35203056,4699,209043456,205,857784320, 
18:30.6,36511188,4745,210812928,214,867700736, 
18:45.6,36608792,4718,204484608,204,856735744, 
19:00.5,36546848,4675,204476416,201,853454848, 
19:15.6,36546848,4667,204410880,199,851357696, 
19:30.5,36467436,4688,242122752,206,859238400, 
19:45.5,36571460,4690,213143552,204,859590656, 
20:00.6,36571460,4710,213000192,198,853299200, 
20:15.5,36705928,4710,210345984,201,853590016, 
20:30.6,38002632,4786,214638592,213,866652160, 
20:45.6,38002632,4792,217276416,210,862720000, 
21:00.6,37813328,4803,216526848,211,864030720, 
21:15.6,37813328,4794,216252416,209,862457856, 
21:30.5,38124088,4799,204988416,203,855752704, 
21:45.6,37900732,4773,205377536,200,851750912, 
22:00.5,37831040,4771,216768512,203,861175808, 
22:15.6,37757616,4769,214126592,203,858537984, 
22:30.5,37919432,4796,211488768,203,855687168, 
22:45.6,39193704,4850,213209088,212,865603584, 
23:00.6,39338468,4838,206622720,207,859160576, 
23:15.6,39428972,4838,214122496,203,855371776, 
23:30.6,39311112,4870,245211136,209,862384128, 
23:45.6,39078620,4838,215834624,206,861638656, 
24:00.5,39502352,4868,212746240,204,856735744, 
24:15.6,40409800,4903,214765568,211,863768576, 
24:30.6,40409800,4907,219754496,208,861409280, 
24:45.6,40409800,4907,220004352,207,859574272, 
25:00.6,40504944,4900,208232448,204,856801280, 
25:15.6,40488464,4894,208220160,203,854896640, 
25:30.6,40498208,4892,219537408,206,863510528, 
25:45.6,40633676,4899,213303296,204,856735744, 
26:00.5,36381764,4561,208502784,208,860794880, 
26:15.6,34499244,4572,214335488,208,861409280, 
26:30.6,34499244,4568,214536192,205,858263552, 
26:45.6,34499244,4564,214249472,205,857477120, 
27:00.5,34499244,4561,214491136,203,856166400, 
27:15.5,34645048,4564,214466560,202,855117824, 
27:30.6,34645048,4564,214216704,203,856166400, 
27:45.6,34645048,4566,214507520,204,856428544, 
28:00.6,34645048,4561,214138880,202,855117824, 
28:15.5,34645048,4566,214261760,203,856166400, 
28:30.6,34645048,4567,214523904,204,856428544, 
28:45.5,34645048,4564,214163456,202,855117824, 
29:00.5,34645048,4559,214237184,202,855183360, 
29:15.5,34645048,4567,214544384,204,856494080, 
29:30.5,34645048,4563,214167552,202,855183360, 
29:45.5,34864528,4564,214380544,203,855445504, 
30:00.5,34864528,4559,214614016,203,855445504, 
30:15.6,34864528,4563,214290432,203,856231936, 
30:30.6,34864528,4563,214384640,203,856231936, 
30:45.6,34864528,4564,214646784,204,856494080, 
31:00.6,34864528,4559,214294528,203,855445504, 
31:15.6,34864528,4563,214380544,202,855183360, 
31:30.6,34864528,4564,214646784,203,855445504, 
31:45.6,34864528,4565,214315008,203,855511040, 
32:00.6,34864528,4559,214347776,201,854200320, 
32:15.6,34864528,4564,214671360,203,855511040, 
32:30.6,34701468,4565,214355968,203,855511040, 
32:45.6,36381764,4515,214630400,203,855445504, 
33:00.6,36381764,4510,214585344,201,854134784, 
33:15.6,36381764,4516,214634496,203,855445504, 
33:30.6,36381764,4515,214622208,202,855183360, 
33:45.6,36381764,4516,214396928,203,855445504, 
34:00.6,36381764,4518,214630400,202,855183360, 
34:15.6,36381764,4524,214683648,204,856494080, 
34:30.6,36381764,4523,214429696,203,856231936, 
34:45.6,36381764,4524,214401024,205,857542656, 
35:00.5,36381764,4501,214667264,203,855437312, 
35:15.6,36381764,4523,214712320,204,857346048, 
35:30.5,34928096,4524,214372352,205,857542656, 
35:45.6,34928096,4522,214380544,204,856494080, 
36:00.5,34928096,4516,214622208,202,855183360, 
36:15.5,34928096,4519,214646784,203,855445504, 
36:30.6,34928096,4518,214376448,203,856231936, 
36:45.6,34928096,4521,214671360,204,856494080, 
37:00.6,34928096,4512,214638592,202,854388736, 
37:15.6,34928096,4520,214392832,203,856231936, 
37:30.6,34928096,4500,214638592,202,854388736, 
37:45.5,34928096,4515,214372352,202,854396928, 
38:00.6,34928096,4511,214634496,201,854134784, 
38:15.6,35156604,4516,214339584,202,855248896, 
38:30.6,36381764,4501,214683648,202,853938176, 
38:45.6,36381764,4502,214392832,203,854200320, 
39:00.6,36381764,4479,214663168,201,852094976, 
39:15.6,36381764,4501,214695936,202,853938176, 
39:30.6,36381764,4496,214749184,202,853196800, 
39:45.6,35112596,4556,203112448,204,855998464, 
40:00.6,35227816,4570,241065984,207,860340224, 
40:15.6,35117220,4584,214552576,209,865857536, 
40:30.6,35344016,4623,210526208,212,864653312, 
40:45.6,35038448,4639,215056384,211,864555008, 
41:00.5,35038448,4637,215248896,209,861671424, 
41:15.5,35361148,4640,203108352,208,860073984, 
41:30.6,35249660,4657,241688576,208,861335552, 
41:45.6,34978636,4638,212447232,207,862765056, 
42:00.6,34981776,4643,209354752,205,857784320, 
42:15.6,35478664,4701,208998400,212,864817152, 
42:30.6,35478664,4705,214253568,207,860360704, 
42:45.6,35046000,4669,203177984,204,856801280, 
43:00.6,35046000,4669,202969088,201,853520384, 
43:15.5,35250112,4722,237281280,206,859303936, 
43:30.6,35026008,4675,214433792,204,862187520, 
43:45.6,35026008,4717,211808256,204,858763264, 
44:00.6,35031112,4708,208515072,204,855949312, 
44:15.6,36448204,4740,215998464,210,862846976, 
44:30.6,36560796,4743,217247744,206,859369472, 
44:45.6,36275336,4723,215547904,203,861204480, 
45:00.6,36282724,4733,213209088,201,856600576, 
45:15.6,36545732,4779,210063360,204,856735744, 
45:30.6,37716280,4818,217460736,212,865079296, 
45:45.6,37580024,4797,217305088,209,862457856, 
46:00.6,37693976,4802,205881344,205,857849856, 
46:15.6,37666552,4813,238682112,210,863498240, 
46:30.6,37681708,4792,215351296,207,862822400, 
46:45.6,37897328,4820,211943424,208,860995584, 
47:00.6,39026076,4845,217583616,214,867041280, 
47:15.6,38975112,4843,207036416,210,862171136, 
47:30.6,39167872,4873,218042368,208,866779136, 
47:45.5,38926728,4860,212979712,209,862826496, 
48:00.6,39485528,4875,212828160,208,860995584, 
48:15.6,40231520,4901,212914176,213,865865728, 
48:30.6,40518384,4909,213725184,211,863895552, 
48:45.5,40434360,4934,240324608,213,866906112, 
49:00.6,40300940,4921,218652672,209,864862208, 
49:15.6,40363040,4937,215195648,210,862306304, 
49:30.6,41691404,4954,221818880,218,871895040, 
49:45.6,41691404,4941,221278208,208,861409280, 
50:00.6,41691404,4927,221458432,205,857477120, 
50:15.6,41805628,4943,220950528,208,861409280, 
50:30.6,41805628,4944,220749824,202,855117824, 
50:45.6,41506324,4953,217149440,205,858390528, 
51:00.5,41812496,4965,247869440,207,860352512, 
51:15.5,41789428,4984,219197440,209,865017856, 
51:30.6,41772056,4977,214777856,207,859160576, 
51:45.6,42892384,4992,210182144,207,859947008, 
52:00.6,43062348,5008,248983552,209,862449664, 
52:15.6,42987052,4999,219971584,209,864141312, 
52:30.6,42888924,5052,216469504,212,864403456, 
52:45.6,35139504,4612,215187456,215,867962880, 
53:00.6,35427728,4599,203530240,209,861908992, 
53:15.6,35209932,4583,203517952,206,857976832, 
53:30.6,35428672,4602,208179200,209,861728768, 
53:45.6,35180784,4573,214081536,203,861405184, 
54:00.6,35243300,4575,211746816,203,858505216, 
54:15.5,35243300,4563,211603456,198,853262336, 
54:30.6,35331324,4592,212480000,202,857452544, 
54:45.5,35378436,4615,209309696,203,855687168, 
55:00.6,35318948,4678,215224320,212,865603584, 
55:15.5,35318948,4683,214884352,209,862457856, 
55:30.6,35318948,4686,215138304,208,861409280, 
55:45.6,35318948,4680,214794240,207,860360704, 
56:00.6,35157888,4687,214986752,207,860622848, 
56:15.5,35283152,4691,203890688,205,857063424, 
56:30.6,35811080,4735,223535104,211,864677888, 
56:45.6,35255000,4689,214700032,207,865394688, 
57:00.6,35627192,4750,209649664,211,863354880, 
57:15.6,35713756,4767,209715200,214,866500608, 
57:30.6,35943764,4784,215846912,212,864817152, 
57:45.6,35943764,4778,215449600,209,862457856, 
58:00.6,35943764,4778,215576576,210,863506432, 
58:15.5,35943764,4779,215810048,210,862720000, 
58:30.6,35943764,4782,215482368,211,863768576, 
58:45.6,36145740,4780,216100864,210,863506432, 
59:00.5,36145740,4780,216096768,210,863506432, 
59:15.5,36145740,4774,216096768,209,861736960, 
59:30.5,36145740,4778,216109056,209,862523392, 
59:45.6,36145740,4776,216092672,209,862523392, 
00:00.5,36145740,4777,215781376,210,862785536, 
00:15.6,36145740,4773,216096768,208,861474816, 
00:30.6,36145740,4778,215875584,209,862523392, 
00:45.6,36145740,4779,216141824,210,862785536, 
01:00.6,36145740,4776,216117248,208,861474816, 
01:15.6,36145740,4768,215851008,207,860426240, 
01:30.6,35879716,4751,216190976,210,862785536, 
01:45.6,35879716,4753,216190976,209,862523392, 
02:00.5,35879716,4753,215965696,210,863637504, 
02:15.5,35879716,4750,216190976,209,862588928, 
02:30.5,35879716,4758,216240128,211,863899648, 
02:45.5,35879716,4757,215986176,210,863637504, 
03:00.5,36396188,4570,215511040,210,863637504, 
03:15.6,36396188,4567,215834624,209,861802496, 
03:30.6,36396188,4570,215650304,209,862642176, 
03:45.5,36396188,4571,215547904,209,862642176, 
04:00.5,36396188,4568,215937024,211,863952896, 
04:15.6,36396188,4569,215912448,209,862642176, 
04:30.6,36396188,4573,215633920,210,863690752, 
04:45.6,36396188,4573,215941120,210,863690752, 
05:00.6,36396188,4570,215932928,209,862707712, 
05:15.6,36396188,4562,215601152,208,860872704, 
05:30.6,36396188,4566,215683072,208,861659136, 
05:45.6,35311888,4566,215867392,208,861593600, 
06:00.6,35311888,4567,215891968,209,861855744, 
06:15.6,35311888,4559,215613440,207,860545024, 
06:30.6,35311888,4567,215904256,209,861855744, 
06:45.5,35311888,4567,215908352,209,861855744, 
07:00.5,35311888,4567,215646208,208,861593600, 
07:15.5,35311888,4562,215896064,208,860807168, 
07:30.5,35311888,4564,215924736,209,861855744, 
07:45.6,35311888,4566,215662592,208,861659136, 
08:00.6,35311888,4567,215928832,209,861921280, 
08:15.6,35523968,4561,215834624,207,860545024, 
08:30.6,35523968,4566,215617536,208,861593600, 
08:45.6,35523968,4566,215879680,209,861855744, 
09:00.5,35523968,4567,215867392,208,861593600, 
09:15.5,35523968,4563,215638016,207,860545024, 
09:30.6,35523968,4567,215875584,208,861593600, 
09:45.6,35523968,4566,215887872,208,860807168, 
10:00.5,36507284,4554,215552000,207,859234304, 
10:15.6,36507284,4552,215625728,207,859234304, 
10:30.5,36507284,4557,215904256,209,860545024, 
10:45.5,36507284,4558,215654400,208,860282880, 
11:00.5,36507284,4558,215896064,208,860282880, 
11:15.6,36507284,4548,215556096,207,859234304, 
11:30.5,36507284,4553,215928832,208,860348416, 
11:45.6,36507284,4556,215949312,209,860610560, 
12:00.6,36507284,4555,215625728,208,860348416, 
12:15.6,35499192,4576,215638016,211,864673792, 
12:30.6,35499192,4573,215572480,208,860741632, 
12:45.5,35499192,4581,215302144,210,862838784, 
13:00.5,35499192,4585,215601152,209,862576640, 
13:15.6,35499192,4565,215584768,208,860733440, 
13:30.6,35499192,4588,215322624,210,862838784, 
13:45.5,35499192,4585,215617536,209,862576640, 
14:00.5,35649276,4585,215621632,209,862576640, 
14:15.5,35649276,4583,215621632,209,861790208, 
14:30.5,35649276,4587,215642112,209,862642176, 
14:45.6,35649276,4584,215404544,208,861593600, 
15:00.6,35649276,4582,215625728,208,860807168, 
15:15.6,35649276,4579,215613440,207,860545024, 
15:30.6,35649276,4584,215425024,208,861593600, 
15:45.5,35649276,4584,215642112,208,861593600, 
16:00.6,35649276,4585,215666688,209,861855744, 
16:15.6,35649276,4577,215416832,207,860545024, 
16:30.6,35859232,4584,215339008,208,861593600, 
16:45.6,35859232,4585,215683072,209,861855744, 
17:00.6,35859232,4584,215453696,208,861593600, 
17:15.5,35859232,4579,215339008,207,860610560, 
17:30.6,35859232,4585,215703552,209,861921280, 
17:45.5,35859232,4584,215687168,208,861659136, 
18:00.5,35859232,4584,215420928,208,861659136, 
18:15.5,35859232,4578,215695360,208,860872704, 
18:30.5,35859232,4586,215703552,208,861659136, 
18:45.6,35859232,4583,215433216,208,861659136, 
19:00.6,35859232,4583,215707648,208,861659136, 
19:15.6,35532528,4560,215699456,207,860610560, 
19:30.6,35532528,4567,215470080,209,861921280, 
19:45.6,35532528,4566,215724032,208,861659136, 
20:00.6,35532528,4563,215719936,207,860676096, 
20:15.6,35532528,4561,215744512,208,860938240, 
20:30.6,35532528,4565,215506944,208,861724672, 
20:45.5,35532528,4565,215752704,208,861724672, 
21:00.6,35532528,4566,215781376,209,861986816, 
21:15.6,35532528,4557,215506944,207,860676096, 
21:30.5,35532528,4565,215797760,209,861986816, 
21:45.6,35741348,4565,215670784,209,861855744, 
22:00.6,35741348,4564,215412736,208,861593600, 
22:15.6,35741348,4560,215658496,208,860807168, 
22:30.5,35741348,4560,215691264,209,861855744, 
22:45.6,35741348,4564,215388160,208,861593600, 
23:00.6,35741348,4565,215695360,209,861921280, 
23:15.6,35741348,4559,215666688,207,860610560, 
23:30.6,35741348,4564,215420928,208,861659136, 
23:45.6,35741348,4565,215715840,209,861921280, 
24:00.5,35741348,4540,215506944,202,855367680, 
24:15.6,35953404,4535,215244800,201,854319104, 
24:30.6,35953404,4523,215515136,202,854573056, 
24:45.5,35953404,4545,215539712,203,856416256, 
25:00.6,35953404,4549,215552000,203,856416256, 
25:15.6,35953404,4543,215535616,202,855367680, 
25:30.6,35953404,4548,215564288,203,856416256, 
25:45.5,35953404,4549,215588864,204,856743936, 
26:00.5,35953404,4544,215236608,202,854646784, 
26:15.6,35953404,4523,215531520,201,853590016, 
26:30.6,35953404,4545,215240704,202,855433216, 
26:45.5,35534152,4545,215674880,203,856481792, 
27:00.6,35534152,4549,215703552,204,856743936, 
27:15.6,35534152,4544,215367680,202,855433216, 
27:30.6,35534152,4548,215699456,203,856481792, 
27:45.5,35534152,4528,215670784,202,854638592, 
28:00.6,35534152,4546,215375872,203,855695360, 
28:15.6,35534152,4541,215666688,201,854384640, 
28:30.6,35534152,4545,215687168,202,855433216, 
28:45.6,35534152,4546,215396352,203,855760896, 
29:00.6,35534152,4545,215703552,202,855498752, 
29:15.5,35534152,4538,215474176,201,854450176, 
29:30.5,35762568,4538,215232512,202,855302144, 
29:45.6,35762568,4541,215556096,203,855564288, 
30:00.5,35762568,4545,215359488,204,857399296, 
30:15.6,35762568,4543,215572480,203,856350720, 
30:30.6, , , , , , 
30:45.6, , , , , , 
31:00.6, , , , , , 
31:15.6, , , , , , 
